{
  "text": {
    "0": {
      "similarity_mean": 0.3100162103585899,
      "similarity_std": 0.181154010813712,
      "compression_mean": 0.125,
      "compression_std": 0.0,
      "delay_mean": 4.416103755741692e-05,
      "n_processed": 100,
      "method": "MSS + DeepSC encode/decode + SentenceTransformer cosine"
    },
    "5": {
      "similarity_mean": 0.3100162103585899,
      "similarity_std": 0.181154010813712,
      "compression_mean": 0.125,
      "compression_std": 0.0,
      "delay_mean": 1.928154308971863e-05,
      "n_processed": 100,
      "method": "MSS + DeepSC encode/decode + SentenceTransformer cosine"
    },
    "10": {
      "similarity_mean": 0.3100162103585899,
      "similarity_std": 0.181154010813712,
      "compression_mean": 0.125,
      "compression_std": 0.0,
      "delay_mean": 1.1971433803332724e-05,
      "n_processed": 100,
      "method": "MSS + DeepSC encode/decode + SentenceTransformer cosine"
    },
    "15": {
      "similarity_mean": 0.3100162103585899,
      "similarity_std": 0.181154010813712,
      "compression_mean": 0.125,
      "compression_std": 0.0,
      "delay_mean": 7.759025849177528e-06,
      "n_processed": 100,
      "method": "MSS + DeepSC encode/decode + SentenceTransformer cosine"
    },
    "20": {
      "similarity_mean": 0.3100162103585899,
      "similarity_std": 0.181154010813712,
      "compression_mean": 0.125,
      "compression_std": 0.0,
      "delay_mean": 5.88474625092264e-06,
      "n_processed": 100,
      "method": "MSS + DeepSC encode/decode + SentenceTransformer cosine"
    },
    "25": {
      "similarity_mean": 0.3100162103585899,
      "similarity_std": 0.181154010813712,
      "compression_mean": 0.125,
      "compression_std": 0.0,
      "delay_mean": 5.88474625092264e-06,
      "n_processed": 100,
      "method": "MSS + DeepSC encode/decode + SentenceTransformer cosine"
    }
  },
  "audio": {
    "0": {
      "similarity_mean": 0.9879735219478607,
      "similarity_std": 0.014764819274790328,
      "compression_mean": 0.9451711947516814,
      "compression_std": 0.02291722404568018,
      "delay_mean": 4.72088624696028e-05,
      "n_processed": 50
    },
    "5": {
      "similarity_mean": 0.9879735219478607,
      "similarity_std": 0.014764819274790328,
      "compression_mean": 0.9451711947516814,
      "compression_std": 0.02291722404568018,
      "delay_mean": 2.0612281012210228e-05,
      "n_processed": 50
    },
    "10": {
      "similarity_mean": 0.9879735219478607,
      "similarity_std": 0.014764819274790328,
      "compression_mean": 0.9451711947516814,
      "compression_std": 0.02291722404568018,
      "delay_mean": 1.2797656106940121e-05,
      "n_processed": 50
    },
    "15": {
      "similarity_mean": 0.9879735219478607,
      "similarity_std": 0.014764819274790328,
      "compression_mean": 0.9451711947516814,
      "compression_std": 0.02291722404568018,
      "delay_mean": 8.294523962116357e-06,
      "n_processed": 50
    },
    "20": {
      "similarity_mean": 0.9879735219478607,
      "similarity_std": 0.014764819274790328,
      "compression_mean": 0.9451711947516814,
      "compression_std": 0.02291722404568018,
      "delay_mean": 6.290888796874718e-06,
      "n_processed": 50
    },
    "25": {
      "similarity_mean": 0.9879735219478607,
      "similarity_std": 0.014764819274790328,
      "compression_mean": 0.9451711947516814,
      "compression_std": 0.02291722404568018,
      "delay_mean": 6.290888796874718e-06,
      "n_processed": 50
    }
  },
  "image": {
    "0": {
      "similarity_mean": 0.9985365139113532,
      "similarity_std": 0.0008293899894989413,
      "compression_mean": 0.978822943884534,
      "compression_std": 0.0013551044988038346,
      "delay_mean": 0.00010255486505148759,
      "note": "text description proxy",
      "n_processed": 9
    },
    "5": {
      "similarity_mean": 0.9985365139113532,
      "similarity_std": 0.0008293899894989413,
      "compression_mean": 0.978822943884534,
      "compression_std": 0.0013551044988038346,
      "delay_mean": 4.477739108777863e-05,
      "note": "text description proxy",
      "n_processed": 9
    },
    "10": {
      "similarity_mean": 0.9985365139113532,
      "similarity_std": 0.0008293899894989413,
      "compression_mean": 0.978822943884534,
      "compression_std": 0.0013551044988038346,
      "delay_mean": 2.7801176015788723e-05,
      "note": "text description proxy",
      "n_processed": 9
    },
    "15": {
      "similarity_mean": 0.9985365139113532,
      "similarity_std": 0.0008293899894989413,
      "compression_mean": 0.978822943884534,
      "compression_std": 0.0013551044988038346,
      "delay_mean": 1.8018730829383826e-05,
      "note": "text description proxy",
      "n_processed": 9
    },
    "20": {
      "similarity_mean": 0.9985365139113532,
      "similarity_std": 0.0008293899894989413,
      "compression_mean": 0.978822943884534,
      "compression_std": 0.0013551044988038346,
      "delay_mean": 1.3666104580105332e-05,
      "note": "text description proxy",
      "n_processed": 9
    },
    "25": {
      "similarity_mean": 0.9985365139113532,
      "similarity_std": 0.0008293899894989413,
      "compression_mean": 0.978822943884534,
      "compression_std": 0.0013551044988038346,
      "delay_mean": 1.3666104580105332e-05,
      "note": "text description proxy",
      "n_processed": 9
    }
  },
  "limitations": [
    "Image uses text description proxy \u2014 PSNR computed separately",
    "Text similarity uses word overlap (no SentenceTransformer)",
    "Compression ratio uses word count"
  ],
  "paper_targets": {
    "text_compression": 0.73,
    "audio_compression": 0.32,
    "image_compression": 0.21
  }
}