tasks_per_csca,total_tasks,oracle_isr,uniform_isr,gap,gap_pct
1,5,0.6439999999999999,0.20199999999999996,0.44199999999999995,218.81188118811883
2,10,0.568,0.11800000000000001,0.44999999999999996,381.3559322033897
4,20,1.0,0.0535,0.9465,1769.1588785046729
6,30,1.0,0.030999999999999996,0.969,3125.8064516129034
8,40,0.9599999999999999,0.049000000000000016,0.9109999999999998,1859.1836734693868
10,50,0.8046000000000001,0.0232,0.7814000000000001,3368.103448275863
12,60,0.7656666666666666,0.057333333333333326,0.7083333333333333,1235.46511627907
15,75,0.5206666666666667,0.009066666666666667,0.5116,5642.64705882353
20,100,0.3832,0.011200000000000002,0.372,3321.4285714285706
